Country,avg_PM25
Republic of Korea,415.0
Bahrain,188.0
Mauritania,179.0
Pakistan,173.11074918566774
Aruba,163.0
Kuwait,162.0
United Arab Emirates,152.66666666666666
Senegal,152.42424242424244
India,149.4630225080386
Saudi Arabia,149.28571428571428
